,mean,sd
C-gas,0.414035111,0.06286883
H-gas,0.249441034,0.154362189
O-gas,0.413052121,0.062809066
C-SCFA,0.409704493,0.124489012
H-SCFA,0.406039894,0.122532567
O-SCFA,0.429486859,0.142495218
