,total reads,AA,average_read_length
celluose,4258,2085943,1466.663927
inulin,2332,1255999,1612.77916
pectin,2732,1248327,1367.783675
hydbb,1176,568216,1446.530612
metho,1218,104738,254.9753695
